Id, Name, Bulbapedia Icon
1,Bulbasaur,cdn.bulbagarden.net/upload/2/21/001Bulbasaur.png
2,Ivysaur,cdn.bulbagarden.net/upload/7/73/002Ivysaur.png
3,Venusaur,cdn.bulbagarden.net/upload/a/ae/003Venusaur.png
4,Charmander,cdn.bulbagarden.net/upload/7/73/004Charmander.png
5,Charmeleon,cdn.bulbagarden.net/upload/4/4a/005Charmeleon.png
6,Charizard,cdn.bulbagarden.net/upload/7/7e/006Charizard.png
7,Squirtle,cdn.bulbagarden.net/upload/3/39/007Squirtle.png
8,Wartortle,cdn.bulbagarden.net/upload/0/0c/008Wartortle.png
9,Blastoise,cdn.bulbagarden.net/upload/0/02/009Blastoise.png
10,Caterpie,cdn.bulbagarden.net/upload/5/5d/010Caterpie.png
11,Metapod,cdn.bulbagarden.net/upload/c/cd/011Metapod.png
12,Butterfree,cdn.bulbagarden.net/upload/d/d1/012Butterfree.png
13,Weedle,cdn.bulbagarden.net/upload/d/df/013Weedle.png
14,Kakuna,cdn.bulbagarden.net/upload/f/f0/014Kakuna.png
15,Beedrill,cdn.bulbagarden.net/upload/6/61/015Beedrill.png
16,Pidgey,cdn.bulbagarden.net/upload/5/55/016Pidgey.png
17,Pidgeotto,cdn.bulbagarden.net/upload/7/7a/017Pidgeotto.png
18,Pidgeot,cdn.bulbagarden.net/upload/5/57/018Pidgeot.png
19,Rattata,cdn.bulbagarden.net/upload/4/46/019Rattata.png
20,Raticate,cdn.bulbagarden.net/upload/f/f4/020Raticate.png
21,Spearow,cdn.bulbagarden.net/upload/8/8b/021Spearow.png
22,Fearow,cdn.bulbagarden.net/upload/a/a0/022Fearow.png
23,Ekans,cdn.bulbagarden.net/upload/f/fa/023Ekans.png
24,Arbok,cdn.bulbagarden.net/upload/c/cd/024Arbok.png
25,Pikachu,cdn.bulbagarden.net/upload/0/0d/025Pikachu.png
26,Raichu,cdn.bulbagarden.net/upload/8/88/026Raichu.png
27,Sandshrew,cdn.bulbagarden.net/upload/9/9e/027Sandshrew.png
28,Sandslash,cdn.bulbagarden.net/upload/0/0b/028Sandslash.png
29,Nidoran,cdn.bulbagarden.net/upload/8/81/029Nidoran.png
30,Nidorina,cdn.bulbagarden.net/upload/c/cd/030Nidorina.png
31,Nidoqueen,cdn.bulbagarden.net/upload/b/bf/031Nidoqueen.png
32,Nidoran,cdn.bulbagarden.net/upload/4/4a/032Nidoran.png
33,Nidorino,cdn.bulbagarden.net/upload/9/9f/033Nidorino.png
34,Nidoking,cdn.bulbagarden.net/upload/c/c6/034Nidoking.png
35,Clefairy,cdn.bulbagarden.net/upload/f/f4/035Clefairy.png
36,Clefable,cdn.bulbagarden.net/upload/a/a9/036Clefable.png
37,Vulpix,cdn.bulbagarden.net/upload/6/60/037Vulpix.png
38,Ninetales,cdn.bulbagarden.net/upload/0/05/038Ninetales.png
39,Jigglypuff,cdn.bulbagarden.net/upload/3/3e/039Jigglypuff.png
40,Wigglytuff,cdn.bulbagarden.net/upload/9/92/040Wigglytuff.png
41,Zubat,cdn.bulbagarden.net/upload/d/da/041Zubat.png
42,Golbat,cdn.bulbagarden.net/upload/0/0c/042Golbat.png
43,Oddish,cdn.bulbagarden.net/upload/4/43/043Oddish.png
44,Gloom,cdn.bulbagarden.net/upload/2/2a/044Gloom.png
45,Vileplume,cdn.bulbagarden.net/upload/6/6a/045Vileplume.png
46,Paras,cdn.bulbagarden.net/upload/d/d4/046Paras.png
47,Parasect,cdn.bulbagarden.net/upload/8/80/047Parasect.png
48,Venonat,cdn.bulbagarden.net/upload/a/ad/048Venonat.png
49,Venomoth,cdn.bulbagarden.net/upload/d/d3/049Venomoth.png
50,Diglett,cdn.bulbagarden.net/upload/3/31/050Diglett.png
51,Dugtrio,cdn.bulbagarden.net/upload/e/e5/051Dugtrio.png
52,Meowth,cdn.bulbagarden.net/upload/d/d6/052Meowth.png
53,Persian,cdn.bulbagarden.net/upload/1/13/053Persian.png
54,Psyduck,cdn.bulbagarden.net/upload/5/53/054Psyduck.png
55,Golduck,cdn.bulbagarden.net/upload/f/fe/055Golduck.png
56,Mankey,cdn.bulbagarden.net/upload/4/41/056Mankey.png
57,Primeape,cdn.bulbagarden.net/upload/9/9a/057Primeape.png
58,Growlithe,cdn.bulbagarden.net/upload/3/3d/058Growlithe.png
59,Arcanine,cdn.bulbagarden.net/upload/b/b8/059Arcanine.png
60,Poliwag,cdn.bulbagarden.net/upload/4/49/060Poliwag.png
61,Poliwhirl,cdn.bulbagarden.net/upload/a/a9/061Poliwhirl.png
62,Poliwrath,cdn.bulbagarden.net/upload/2/2d/062Poliwrath.png
63,Abra,cdn.bulbagarden.net/upload/6/62/063Abra.png
64,Kadabra,cdn.bulbagarden.net/upload/9/97/064Kadabra.png
65,Alakazam,cdn.bulbagarden.net/upload/c/cc/065Alakazam.png
66,Machop,cdn.bulbagarden.net/upload/8/85/066Machop.png
67,Machoke,cdn.bulbagarden.net/upload/8/8e/067Machoke.png
68,Machamp,cdn.bulbagarden.net/upload/8/8f/068Machamp.png
69,Bellsprout,cdn.bulbagarden.net/upload/a/a2/069Bellsprout.png
70,Weepinbell,cdn.bulbagarden.net/upload/9/9f/070Weepinbell.png
71,Victreebel,cdn.bulbagarden.net/upload/b/be/071Victreebel.png
72,Tentacool,cdn.bulbagarden.net/upload/4/4e/072Tentacool.png
73,Tentacruel,cdn.bulbagarden.net/upload/f/f6/073Tentacruel.png
74,Geodude,cdn.bulbagarden.net/upload/9/98/074Geodude.png
75,Graveler,cdn.bulbagarden.net/upload/7/75/075Graveler.png
76,Golem,cdn.bulbagarden.net/upload/f/f2/076Golem.png
77,Ponyta,cdn.bulbagarden.net/upload/3/3b/077Ponyta.png
78,Rapidash,cdn.bulbagarden.net/upload/3/3f/078Rapidash.png
79,Slowpoke,cdn.bulbagarden.net/upload/7/70/079Slowpoke.png
80,Slowbro,cdn.bulbagarden.net/upload/8/80/080Slowbro.png
81,Magnemite,cdn.bulbagarden.net/upload/6/6c/081Magnemite.png
82,Magneton,cdn.bulbagarden.net/upload/7/72/082Magneton.png
83,Farfetch'd,cdn.bulbagarden.net/upload/f/f8/083Farfetch%27d.png
84,Doduo,cdn.bulbagarden.net/upload/5/54/084Doduo.png
85,Dodrio,cdn.bulbagarden.net/upload/9/93/085Dodrio.png
86,Seel,cdn.bulbagarden.net/upload/1/1f/086Seel.png
87,Dewgong,cdn.bulbagarden.net/upload/c/c7/087Dewgong.png
88,Grimer,cdn.bulbagarden.net/upload/a/a0/088Grimer.png
89,Muk,cdn.bulbagarden.net/upload/7/7c/089Muk.png
90,Shellder,cdn.bulbagarden.net/upload/4/40/090Shellder.png
91,Cloyster,cdn.bulbagarden.net/upload/1/1d/091Cloyster.png
92,Gastly,cdn.bulbagarden.net/upload/c/ca/092Gastly.png
93,Haunter,cdn.bulbagarden.net/upload/6/62/093Haunter.png
94,Gengar,cdn.bulbagarden.net/upload/c/c6/094Gengar.png
95,Onix,cdn.bulbagarden.net/upload/9/9a/095Onix.png
96,Drowzee,cdn.bulbagarden.net/upload/3/3e/096Drowzee.png
97,Hypno,cdn.bulbagarden.net/upload/0/0a/097Hypno.png
98,Krabby,cdn.bulbagarden.net/upload/a/a7/098Krabby.png
99,Kingler,cdn.bulbagarden.net/upload/7/71/099Kingler.png
100,Voltorb,cdn.bulbagarden.net/upload/d/da/100Voltorb.png
101,Electrode,cdn.bulbagarden.net/upload/8/84/101Electrode.png
102,Exeggcute,cdn.bulbagarden.net/upload/a/af/102Exeggcute.png
103,Exeggutor,cdn.bulbagarden.net/upload/2/24/103Exeggutor.png
104,Cubone,cdn.bulbagarden.net/upload/2/2a/104Cubone.png
105,Marowak,cdn.bulbagarden.net/upload/9/98/105Marowak.png
106,Hitmonlee,cdn.bulbagarden.net/upload/3/32/106Hitmonlee.png
107,Hitmonchan,cdn.bulbagarden.net/upload/a/a3/107Hitmonchan.png
108,Lickitung,cdn.bulbagarden.net/upload/0/00/108Lickitung.png
109,Koffing,cdn.bulbagarden.net/upload/1/17/109Koffing.png
110,Weezing,cdn.bulbagarden.net/upload/4/42/110Weezing.png
111,Rhyhorn,cdn.bulbagarden.net/upload/9/9b/111Rhyhorn.png
112,Rhydon,cdn.bulbagarden.net/upload/4/47/112Rhydon.png
113,Chansey,cdn.bulbagarden.net/upload/c/cd/113Chansey.png
114,Tangela,cdn.bulbagarden.net/upload/3/3e/114Tangela.png
115,Kangaskhan,cdn.bulbagarden.net/upload/4/4e/115Kangaskhan.png
116,Horsea,cdn.bulbagarden.net/upload/5/5a/116Horsea.png
117,Seadra,cdn.bulbagarden.net/upload/2/26/117Seadra.png
118,Goldeen,cdn.bulbagarden.net/upload/7/7b/118Goldeen.png
119,Seaking,cdn.bulbagarden.net/upload/6/6a/119Seaking.png
120,Staryu,cdn.bulbagarden.net/upload/4/4f/120Staryu.png
121,Starmie,cdn.bulbagarden.net/upload/c/cd/121Starmie.png
122,Mr. Mime,cdn.bulbagarden.net/upload/e/ec/122Mr._Mime.png
123,Scyther,cdn.bulbagarden.net/upload/b/ba/123Scyther.png
124,Jynx,cdn.bulbagarden.net/upload/7/7c/124Jynx.png
125,Electabuzz,cdn.bulbagarden.net/upload/d/de/125Electabuzz.png
126,Magmar,cdn.bulbagarden.net/upload/8/8c/126Magmar.png
127,Pinsir,cdn.bulbagarden.net/upload/7/71/127Pinsir.png
128,Tauros,cdn.bulbagarden.net/upload/b/b8/128Tauros.png
129,Magikarp,cdn.bulbagarden.net/upload/0/02/129Magikarp.png
130,Gyarados,cdn.bulbagarden.net/upload/4/41/130Gyarados.png
131,Lapras,cdn.bulbagarden.net/upload/a/ab/131Lapras.png
132,Ditto,cdn.bulbagarden.net/upload/3/36/132Ditto.png
133,Eevee,cdn.bulbagarden.net/upload/e/e2/133Eevee.png
134,Vaporeon,cdn.bulbagarden.net/upload/f/fd/134Vaporeon.png
135,Jolteon,cdn.bulbagarden.net/upload/b/bb/135Jolteon.png
136,Flareon,cdn.bulbagarden.net/upload/d/dd/136Flareon.png
137,Porygon,cdn.bulbagarden.net/upload/6/6b/137Porygon.png
138,Omanyte,cdn.bulbagarden.net/upload/7/79/138Omanyte.png
139,Omastar,cdn.bulbagarden.net/upload/4/43/139Omastar.png
140,Kabuto,cdn.bulbagarden.net/upload/f/f9/140Kabuto.png
141,Kabutops,cdn.bulbagarden.net/upload/2/29/141Kabutops.png
142,Aerodactyl,cdn.bulbagarden.net/upload/e/e8/142Aerodactyl.png
143,Snorlax,cdn.bulbagarden.net/upload/f/fb/143Snorlax.png
144,Articuno,cdn.bulbagarden.net/upload/4/4e/144Articuno.png
145,Zapdos,cdn.bulbagarden.net/upload/e/e3/145Zapdos.png
146,Moltres,cdn.bulbagarden.net/upload/1/1b/146Moltres.png
147,Dratini,cdn.bulbagarden.net/upload/c/cc/147Dratini.png
148,Dragonair,cdn.bulbagarden.net/upload/9/93/148Dragonair.png
149,Dragonite,cdn.bulbagarden.net/upload/8/8b/149Dragonite.png
150,Mewtwo,cdn.bulbagarden.net/upload/7/78/150Mewtwo.png
151,Mew,cdn.bulbagarden.net/upload/b/b1/151Mew.png
152,Chikorita,cdn.bulbagarden.net/upload/b/bf/152Chikorita.png
153,Bayleef,cdn.bulbagarden.net/upload/c/ca/153Bayleef.png
154,Meganium,cdn.bulbagarden.net/upload/d/d1/154Meganium.png
155,Cyndaquil,cdn.bulbagarden.net/upload/9/9b/155Cyndaquil.png
156,Quilava,cdn.bulbagarden.net/upload/b/b6/156Quilava.png
157,Typhlosion,cdn.bulbagarden.net/upload/4/47/157Typhlosion.png
158,Totodile,cdn.bulbagarden.net/upload/d/df/158Totodile.png
159,Croconaw,cdn.bulbagarden.net/upload/a/a5/159Croconaw.png
160,Feraligatr,cdn.bulbagarden.net/upload/d/d5/160Feraligatr.png
161,Sentret,cdn.bulbagarden.net/upload/c/c5/161Sentret.png
162,Furret,cdn.bulbagarden.net/upload/4/4b/162Furret.png
163,Hoothoot,cdn.bulbagarden.net/upload/5/53/163Hoothoot.png
164,Noctowl,cdn.bulbagarden.net/upload/f/fa/164Noctowl.png
165,Ledyba,cdn.bulbagarden.net/upload/b/bb/165Ledyba.png
166,Ledian,cdn.bulbagarden.net/upload/5/5b/166Ledian.png
167,Spinarak,cdn.bulbagarden.net/upload/7/75/167Spinarak.png
168,Ariados,cdn.bulbagarden.net/upload/7/76/168Ariados.png
169,Crobat,cdn.bulbagarden.net/upload/1/17/169Crobat.png
170,Chinchou,cdn.bulbagarden.net/upload/d/d9/170Chinchou.png
171,Lanturn,cdn.bulbagarden.net/upload/9/9b/171Lanturn.png
172,Pichu,cdn.bulbagarden.net/upload/b/b9/172Pichu.png
173,Cleffa,cdn.bulbagarden.net/upload/e/e4/173Cleffa.png
174,Igglybuff,cdn.bulbagarden.net/upload/4/4d/174Igglybuff.png
175,Togepi,cdn.bulbagarden.net/upload/6/6b/175Togepi.png
176,Togetic,cdn.bulbagarden.net/upload/1/11/176Togetic.png
177,Natu,cdn.bulbagarden.net/upload/5/5b/177Natu.png
178,Xatu,cdn.bulbagarden.net/upload/f/f4/178Xatu.png
179,Mareep,cdn.bulbagarden.net/upload/6/6b/179Mareep.png
180,Flaaffy,cdn.bulbagarden.net/upload/6/6f/180Flaaffy.png
181,Ampharos,cdn.bulbagarden.net/upload/4/47/181Ampharos.png
182,Bellossom,cdn.bulbagarden.net/upload/c/cd/182Bellossom.png
183,Marill,cdn.bulbagarden.net/upload/4/42/183Marill.png
184,Azumarill,cdn.bulbagarden.net/upload/a/a5/184Azumarill.png
185,Sudowoodo,cdn.bulbagarden.net/upload/1/1e/185Sudowoodo.png
186,Politoed,cdn.bulbagarden.net/upload/a/a4/186Politoed.png
187,Hoppip,cdn.bulbagarden.net/upload/f/f8/187Hoppip.png
188,Skiploom,cdn.bulbagarden.net/upload/4/4f/188Skiploom.png
189,Jumpluff,cdn.bulbagarden.net/upload/5/5e/189Jumpluff.png
190,Aipom,cdn.bulbagarden.net/upload/4/42/190Aipom.png
191,Sunkern,cdn.bulbagarden.net/upload/9/95/191Sunkern.png
192,Sunflora,cdn.bulbagarden.net/upload/9/98/192Sunflora.png
193,Yanma,cdn.bulbagarden.net/upload/d/dd/193Yanma.png
194,Wooper,cdn.bulbagarden.net/upload/7/78/194Wooper.png
195,Quagsire,cdn.bulbagarden.net/upload/a/a4/195Quagsire.png
196,Espeon,cdn.bulbagarden.net/upload/a/a7/196Espeon.png
197,Umbreon,cdn.bulbagarden.net/upload/3/3d/197Umbreon.png
198,Murkrow,cdn.bulbagarden.net/upload/3/33/198Murkrow.png
199,Slowking,cdn.bulbagarden.net/upload/e/e1/199Slowking.png
200,Misdreavus,cdn.bulbagarden.net/upload/b/be/200Misdreavus.png
201,Unown,cdn.bulbagarden.net/upload/7/77/201Unown.png
202,Wobbuffet,cdn.bulbagarden.net/upload/1/17/202Wobbuffet.png
203,Girafarig,cdn.bulbagarden.net/upload/1/11/203Girafarig.png
204,Pineco,cdn.bulbagarden.net/upload/0/0b/204Pineco.png
205,Forretress,cdn.bulbagarden.net/upload/6/68/205Forretress.png
206,Dunsparce,cdn.bulbagarden.net/upload/2/20/206Dunsparce.png
207,Gligar,cdn.bulbagarden.net/upload/0/04/207Gligar.png
208,Steelix,cdn.bulbagarden.net/upload/b/ba/208Steelix.png
209,Snubbull,cdn.bulbagarden.net/upload/7/7f/209Snubbull.png
210,Granbull,cdn.bulbagarden.net/upload/b/b1/210Granbull.png
211,Qwilfish,cdn.bulbagarden.net/upload/2/21/211Qwilfish.png
212,Scizor,cdn.bulbagarden.net/upload/5/55/212Scizor.png
213,Shuckle,cdn.bulbagarden.net/upload/c/c7/213Shuckle.png
214,Heracross,cdn.bulbagarden.net/upload/4/47/214Heracross.png
215,Sneasel,cdn.bulbagarden.net/upload/7/71/215Sneasel.png
216,Teddiursa,cdn.bulbagarden.net/upload/e/e9/216Teddiursa.png
217,Ursaring,cdn.bulbagarden.net/upload/e/e9/217Ursaring.png
218,Slugma,cdn.bulbagarden.net/upload/6/68/218Slugma.png
219,Magcargo,cdn.bulbagarden.net/upload/6/65/219Magcargo.png
220,Swinub,cdn.bulbagarden.net/upload/b/b5/220Swinub.png
221,Piloswine,cdn.bulbagarden.net/upload/4/49/221Piloswine.png
222,Corsola,cdn.bulbagarden.net/upload/f/fc/222Corsola.png
223,Remoraid,cdn.bulbagarden.net/upload/9/95/223Remoraid.png
224,Octillery,cdn.bulbagarden.net/upload/c/cb/224Octillery.png
225,Delibird,cdn.bulbagarden.net/upload/3/3f/225Delibird.png
226,Mantine,cdn.bulbagarden.net/upload/c/c5/226Mantine.png
227,Skarmory,cdn.bulbagarden.net/upload/3/35/227Skarmory.png
228,Houndour,cdn.bulbagarden.net/upload/5/53/228Houndour.png
229,Houndoom,cdn.bulbagarden.net/upload/5/51/229Houndoom.png
230,Kingdra,cdn.bulbagarden.net/upload/3/3c/230Kingdra.png
231,Phanpy,cdn.bulbagarden.net/upload/d/d3/231Phanpy.png
232,Donphan,cdn.bulbagarden.net/upload/5/53/232Donphan.png
233,Porygon2,cdn.bulbagarden.net/upload/9/99/233Porygon2.png
234,Stantler,cdn.bulbagarden.net/upload/5/50/234Stantler.png
235,Smeargle,cdn.bulbagarden.net/upload/9/92/235Smeargle.png
236,Tyrogue,cdn.bulbagarden.net/upload/c/c7/236Tyrogue.png
237,Hitmontop,cdn.bulbagarden.net/upload/9/94/237Hitmontop.png
238,Smoochum,cdn.bulbagarden.net/upload/0/0e/238Smoochum.png
239,Elekid,cdn.bulbagarden.net/upload/5/5d/239Elekid.png
240,Magby,cdn.bulbagarden.net/upload/c/cb/240Magby.png
241,Miltank,cdn.bulbagarden.net/upload/1/13/241Miltank.png
242,Blissey,cdn.bulbagarden.net/upload/5/56/242Blissey.png
243,Raikou,cdn.bulbagarden.net/upload/c/c1/243Raikou.png
244,Entei,cdn.bulbagarden.net/upload/f/f9/244Entei.png
245,Suicune,cdn.bulbagarden.net/upload/d/da/245Suicune.png
246,Larvitar,cdn.bulbagarden.net/upload/7/70/246Larvitar.png
247,Pupitar,cdn.bulbagarden.net/upload/a/a1/247Pupitar.png
248,Tyranitar,cdn.bulbagarden.net/upload/8/82/248Tyranitar.png
249,Lugia,cdn.bulbagarden.net/upload/4/44/249Lugia.png
250,Ho-Oh,cdn.bulbagarden.net/upload/6/67/250Ho-Oh.png
251,Celebi,cdn.bulbagarden.net/upload/e/e7/251Celebi.png
252,Treecko,cdn.bulbagarden.net/upload/2/2c/252Treecko.png
253,Grovyle,cdn.bulbagarden.net/upload/e/ea/253Grovyle.png
254,Sceptile,cdn.bulbagarden.net/upload/3/3e/254Sceptile.png
255,Torchic,cdn.bulbagarden.net/upload/9/91/255Torchic.png
256,Combusken,cdn.bulbagarden.net/upload/2/29/256Combusken.png
257,Blaziken,cdn.bulbagarden.net/upload/9/90/257Blaziken.png
258,Mudkip,cdn.bulbagarden.net/upload/6/60/258Mudkip.png
259,Marshtomp,cdn.bulbagarden.net/upload/2/27/259Marshtomp.png
260,Swampert,cdn.bulbagarden.net/upload/b/b6/260Swampert.png
261,Poochyena,cdn.bulbagarden.net/upload/f/fc/261Poochyena.png
262,Mightyena,cdn.bulbagarden.net/upload/f/f1/262Mightyena.png
263,Zigzagoon,cdn.bulbagarden.net/upload/4/47/263Zigzagoon.png
264,Linoone,cdn.bulbagarden.net/upload/f/f7/264Linoone.png
265,Wurmple,cdn.bulbagarden.net/upload/7/76/265Wurmple.png
266,Silcoon,cdn.bulbagarden.net/upload/e/ef/266Silcoon.png
267,Beautifly,cdn.bulbagarden.net/upload/4/4c/267Beautifly.png
268,Cascoon,cdn.bulbagarden.net/upload/a/a3/268Cascoon.png
269,Dustox,cdn.bulbagarden.net/upload/3/34/269Dustox.png
270,Lotad,cdn.bulbagarden.net/upload/e/ee/270Lotad.png
271,Lombre,cdn.bulbagarden.net/upload/8/8b/271Lombre.png
272,Ludicolo,cdn.bulbagarden.net/upload/f/ff/272Ludicolo.png
273,Seedot,cdn.bulbagarden.net/upload/8/84/273Seedot.png
274,Nuzleaf,cdn.bulbagarden.net/upload/0/07/274Nuzleaf.png
275,Shiftry,cdn.bulbagarden.net/upload/f/f7/275Shiftry.png
276,Taillow,cdn.bulbagarden.net/upload/e/e4/276Taillow.png
277,Swellow,cdn.bulbagarden.net/upload/4/45/277Swellow.png
278,Wingull,cdn.bulbagarden.net/upload/3/39/278Wingull.png
279,Pelipper,cdn.bulbagarden.net/upload/f/f2/279Pelipper.png
280,Ralts,cdn.bulbagarden.net/upload/e/e1/280Ralts.png
281,Kirlia,cdn.bulbagarden.net/upload/0/00/281Kirlia.png
282,Gardevoir,cdn.bulbagarden.net/upload/9/99/282Gardevoir.png
283,Surskit,cdn.bulbagarden.net/upload/f/f6/283Surskit.png
284,Masquerain,cdn.bulbagarden.net/upload/0/0a/284Masquerain.png
285,Shroomish,cdn.bulbagarden.net/upload/d/d8/285Shroomish.png
286,Breloom,cdn.bulbagarden.net/upload/d/de/286Breloom.png
287,Slakoth,cdn.bulbagarden.net/upload/d/d2/287Slakoth.png
288,Vigoroth,cdn.bulbagarden.net/upload/6/61/288Vigoroth.png
289,Slaking,cdn.bulbagarden.net/upload/7/71/289Slaking.png
290,Nincada,cdn.bulbagarden.net/upload/9/90/290Nincada.png
291,Ninjask,cdn.bulbagarden.net/upload/7/76/291Ninjask.png
292,Shedinja,cdn.bulbagarden.net/upload/5/59/292Shedinja.png
293,Whismur,cdn.bulbagarden.net/upload/6/6c/293Whismur.png
294,Loudred,cdn.bulbagarden.net/upload/1/12/294Loudred.png
295,Exploud,cdn.bulbagarden.net/upload/1/12/295Exploud.png
296,Makuhita,cdn.bulbagarden.net/upload/b/b6/296Makuhita.png
297,Hariyama,cdn.bulbagarden.net/upload/6/6f/297Hariyama.png
298,Azurill,cdn.bulbagarden.net/upload/a/ac/298Azurill.png
299,Nosepass,cdn.bulbagarden.net/upload/8/89/299Nosepass.png
300,Skitty,cdn.bulbagarden.net/upload/8/8a/300Skitty.png
301,Delcatty,cdn.bulbagarden.net/upload/f/f4/301Delcatty.png
302,Sableye,cdn.bulbagarden.net/upload/d/d3/302Sableye.png
303,Mawile,cdn.bulbagarden.net/upload/c/c0/303Mawile.png
304,Aron,cdn.bulbagarden.net/upload/b/bb/304Aron.png
305,Lairon,cdn.bulbagarden.net/upload/b/bf/305Lairon.png
306,Aggron,cdn.bulbagarden.net/upload/6/6d/306Aggron.png
307,Meditite,cdn.bulbagarden.net/upload/7/71/307Meditite.png
308,Medicham,cdn.bulbagarden.net/upload/0/05/308Medicham.png
309,Electrike,cdn.bulbagarden.net/upload/4/47/309Electrike.png
310,Manectric,cdn.bulbagarden.net/upload/b/bb/310Manectric.png
311,Plusle,cdn.bulbagarden.net/upload/a/a3/311Plusle.png
312,Minun,cdn.bulbagarden.net/upload/e/e7/312Minun.png
313,Volbeat,cdn.bulbagarden.net/upload/d/d6/313Volbeat.png
314,Illumise,cdn.bulbagarden.net/upload/5/55/314Illumise.png
315,Roselia,cdn.bulbagarden.net/upload/f/f1/315Roselia.png
316,Gulpin,cdn.bulbagarden.net/upload/f/f0/316Gulpin.png
317,Swalot,cdn.bulbagarden.net/upload/a/ad/317Swalot.png
318,Carvanha,cdn.bulbagarden.net/upload/9/98/318Carvanha.png
319,Sharpedo,cdn.bulbagarden.net/upload/a/a8/319Sharpedo.png
320,Wailmer,cdn.bulbagarden.net/upload/7/71/320Wailmer.png
321,Wailord,cdn.bulbagarden.net/upload/b/b9/321Wailord.png
322,Numel,cdn.bulbagarden.net/upload/c/c6/322Numel.png
323,Camerupt,cdn.bulbagarden.net/upload/7/7d/323Camerupt.png
324,Torkoal,cdn.bulbagarden.net/upload/3/3b/324Torkoal.png
325,Spoink,cdn.bulbagarden.net/upload/9/9e/325Spoink.png
326,Grumpig,cdn.bulbagarden.net/upload/5/54/326Grumpig.png
327,Spinda,cdn.bulbagarden.net/upload/8/8f/327Spinda.png
328,Trapinch,cdn.bulbagarden.net/upload/7/76/328Trapinch.png
329,Vibrava,cdn.bulbagarden.net/upload/a/af/329Vibrava.png
330,Flygon,cdn.bulbagarden.net/upload/f/f1/330Flygon.png
331,Cacnea,cdn.bulbagarden.net/upload/1/12/331Cacnea.png
332,Cacturne,cdn.bulbagarden.net/upload/4/41/332Cacturne.png
333,Swablu,cdn.bulbagarden.net/upload/9/99/333Swablu.png
334,Altaria,cdn.bulbagarden.net/upload/d/da/334Altaria.png
335,Zangoose,cdn.bulbagarden.net/upload/d/d3/335Zangoose.png
336,Seviper,cdn.bulbagarden.net/upload/d/d6/336Seviper.png
337,Lunatone,cdn.bulbagarden.net/upload/e/eb/337Lunatone.png
338,Solrock,cdn.bulbagarden.net/upload/9/90/338Solrock.png
339,Barboach,cdn.bulbagarden.net/upload/6/60/339Barboach.png
340,Whiscash,cdn.bulbagarden.net/upload/6/60/340Whiscash.png
341,Corphish,cdn.bulbagarden.net/upload/3/3d/341Corphish.png
342,Crawdaunt,cdn.bulbagarden.net/upload/f/f4/342Crawdaunt.png
343,Baltoy,cdn.bulbagarden.net/upload/8/8b/343Baltoy.png
344,Claydol,cdn.bulbagarden.net/upload/0/07/344Claydol.png
345,Lileep,cdn.bulbagarden.net/upload/3/34/345Lileep.png
346,Cradily,cdn.bulbagarden.net/upload/3/38/346Cradily.png
347,Anorith,cdn.bulbagarden.net/upload/4/45/347Anorith.png
348,Armaldo,cdn.bulbagarden.net/upload/1/1d/348Armaldo.png
349,Feebas,cdn.bulbagarden.net/upload/4/4b/349Feebas.png
350,Milotic,cdn.bulbagarden.net/upload/3/36/350Milotic.png
351,Castform,cdn.bulbagarden.net/upload/f/f3/351Castform.png
352,Kecleon,cdn.bulbagarden.net/upload/5/50/352Kecleon.png
353,Shuppet,cdn.bulbagarden.net/upload/4/4b/353Shuppet.png
354,Banette,cdn.bulbagarden.net/upload/0/0a/354Banette.png
355,Duskull,cdn.bulbagarden.net/upload/e/e2/355Duskull.png
356,Dusclops,cdn.bulbagarden.net/upload/1/12/356Dusclops.png
357,Tropius,cdn.bulbagarden.net/upload/d/dd/357Tropius.png
358,Chimecho,cdn.bulbagarden.net/upload/e/e5/358Chimecho.png
359,Absol,cdn.bulbagarden.net/upload/0/00/359Absol.png
360,Wynaut,cdn.bulbagarden.net/upload/d/d0/360Wynaut.png
361,Snorunt,cdn.bulbagarden.net/upload/6/6b/361Snorunt.png
362,Glalie,cdn.bulbagarden.net/upload/6/62/362Glalie.png
363,Spheal,cdn.bulbagarden.net/upload/9/9f/363Spheal.png
364,Sealeo,cdn.bulbagarden.net/upload/f/f6/364Sealeo.png
365,Walrein,cdn.bulbagarden.net/upload/6/61/365Walrein.png
366,Clamperl,cdn.bulbagarden.net/upload/1/11/366Clamperl.png
367,Huntail,cdn.bulbagarden.net/upload/1/11/367Huntail.png
368,Gorebyss,cdn.bulbagarden.net/upload/3/37/368Gorebyss.png
369,Relicanth,cdn.bulbagarden.net/upload/7/78/369Relicanth.png
370,Luvdisc,cdn.bulbagarden.net/upload/1/1d/370Luvdisc.png
371,Bagon,cdn.bulbagarden.net/upload/d/d2/371Bagon.png
372,Shelgon,cdn.bulbagarden.net/upload/a/a5/372Shelgon.png
373,Salamence,cdn.bulbagarden.net/upload/4/41/373Salamence.png
374,Beldum,cdn.bulbagarden.net/upload/d/d4/374Beldum.png
375,Metang,cdn.bulbagarden.net/upload/6/62/375Metang.png
376,Metagross,cdn.bulbagarden.net/upload/0/05/376Metagross.png
377,Regirock,cdn.bulbagarden.net/upload/a/aa/377Regirock.png
378,Regice,cdn.bulbagarden.net/upload/f/fe/378Regice.png
379,Registeel,cdn.bulbagarden.net/upload/2/22/379Registeel.png
380,Latias,cdn.bulbagarden.net/upload/2/24/380Latias.png
381,Latios,cdn.bulbagarden.net/upload/5/52/381Latios.png
382,Kyogre,cdn.bulbagarden.net/upload/4/41/382Kyogre.png
383,Groudon,cdn.bulbagarden.net/upload/7/70/383Groudon.png
384,Rayquaza,cdn.bulbagarden.net/upload/e/e4/384Rayquaza.png
385,Jirachi,cdn.bulbagarden.net/upload/8/85/385Jirachi.png
386,Deoxys,cdn.bulbagarden.net/upload/e/e7/386Deoxys.png
387,Turtwig,cdn.bulbagarden.net/upload/5/5c/387Turtwig.png
388,Grotle,cdn.bulbagarden.net/upload/5/53/388Grotle.png
389,Torterra,cdn.bulbagarden.net/upload/d/df/389Torterra.png
390,Chimchar,cdn.bulbagarden.net/upload/7/76/390Chimchar.png
391,Monferno,cdn.bulbagarden.net/upload/2/2e/391Monferno.png
392,Infernape,cdn.bulbagarden.net/upload/f/fb/392Infernape.png
393,Piplup,cdn.bulbagarden.net/upload/b/b1/393Piplup.png
394,Prinplup,cdn.bulbagarden.net/upload/d/df/394Prinplup.png
395,Empoleon,cdn.bulbagarden.net/upload/7/7f/395Empoleon.png
396,Starly,cdn.bulbagarden.net/upload/a/af/396Starly.png
397,Staravia,cdn.bulbagarden.net/upload/f/f8/397Staravia.png
398,Staraptor,cdn.bulbagarden.net/upload/5/5e/398Staraptor.png
399,Bidoof,cdn.bulbagarden.net/upload/f/f5/399Bidoof.png
400,Bibarel,cdn.bulbagarden.net/upload/9/91/400Bibarel.png
401,Kricketot,cdn.bulbagarden.net/upload/3/33/401Kricketot.png
402,Kricketune,cdn.bulbagarden.net/upload/e/e5/402Kricketune.png
403,Shinx,cdn.bulbagarden.net/upload/3/32/403Shinx.png
404,Luxio,cdn.bulbagarden.net/upload/4/49/404Luxio.png
405,Luxray,cdn.bulbagarden.net/upload/a/a7/405Luxray.png
406,Budew,cdn.bulbagarden.net/upload/d/d3/406Budew.png
407,Roserade,cdn.bulbagarden.net/upload/0/05/407Roserade.png
408,Cranidos,cdn.bulbagarden.net/upload/c/cd/408Cranidos.png
409,Rampardos,cdn.bulbagarden.net/upload/8/8a/409Rampardos.png
410,Shieldon,cdn.bulbagarden.net/upload/e/e2/410Shieldon.png
411,Bastiodon,cdn.bulbagarden.net/upload/b/bc/411Bastiodon.png
412,Burmy,cdn.bulbagarden.net/upload/e/e1/412Burmy.png
413,Wormadam,cdn.bulbagarden.net/upload/b/b3/413Wormadam.png
414,Mothim,cdn.bulbagarden.net/upload/1/18/414Mothim.png
415,Combee,cdn.bulbagarden.net/upload/b/b6/415Combee.png
416,Vespiquen,cdn.bulbagarden.net/upload/2/2c/416Vespiquen.png
417,Pachirisu,cdn.bulbagarden.net/upload/f/f4/417Pachirisu.png
418,Buizel,cdn.bulbagarden.net/upload/8/83/418Buizel.png
419,Floatzel,cdn.bulbagarden.net/upload/b/bf/419Floatzel.png
420,Cherubi,cdn.bulbagarden.net/upload/a/a7/420Cherubi.png
421,Cherrim,cdn.bulbagarden.net/upload/2/25/421Cherrim-Overcast.png
422,Shellos,cdn.bulbagarden.net/upload/7/72/422Shellos.png
423,Gastrodon,cdn.bulbagarden.net/upload/1/18/423Gastrodon.png
424,Ambipom,cdn.bulbagarden.net/upload/8/86/424Ambipom.png
425,Drifloon,cdn.bulbagarden.net/upload/e/eb/425Drifloon.png
426,Drifblim,cdn.bulbagarden.net/upload/7/71/426Drifblim.png
427,Buneary,cdn.bulbagarden.net/upload/a/a7/427Buneary.png
428,Lopunny,cdn.bulbagarden.net/upload/c/c9/428Lopunny.png
429,Mismagius,cdn.bulbagarden.net/upload/b/b4/429Mismagius.png
430,Honchkrow,cdn.bulbagarden.net/upload/4/46/430Honchkrow.png
431,Glameow,cdn.bulbagarden.net/upload/2/26/431Glameow.png
432,Purugly,cdn.bulbagarden.net/upload/8/80/432Purugly.png
433,Chingling,cdn.bulbagarden.net/upload/e/ed/433Chingling.png
434,Stunky,cdn.bulbagarden.net/upload/7/75/434Stunky.png
435,Skuntank,cdn.bulbagarden.net/upload/b/bc/435Skuntank.png
436,Bronzor,cdn.bulbagarden.net/upload/c/c1/436Bronzor.png
437,Bronzong,cdn.bulbagarden.net/upload/a/aa/437Bronzong.png
438,Bonsly,cdn.bulbagarden.net/upload/e/e2/438Bonsly.png
439,Mime Jr.,cdn.bulbagarden.net/upload/3/37/439Mime_Jr.png
440,Happiny,cdn.bulbagarden.net/upload/2/27/440Happiny.png
441,Chatot,cdn.bulbagarden.net/upload/b/bf/441Chatot.png
442,Spiritomb,cdn.bulbagarden.net/upload/8/8e/442Spiritomb.png
443,Gible,cdn.bulbagarden.net/upload/6/68/443Gible.png
444,Gabite,cdn.bulbagarden.net/upload/9/9d/444Gabite.png
445,Garchomp,cdn.bulbagarden.net/upload/f/fa/445Garchomp.png
446,Munchlax,cdn.bulbagarden.net/upload/b/b2/446Munchlax.png
447,Riolu,cdn.bulbagarden.net/upload/a/a2/447Riolu.png
448,Lucario,cdn.bulbagarden.net/upload/d/d7/448Lucario.png
449,Hippopotas,cdn.bulbagarden.net/upload/a/ab/449Hippopotas.png
450,Hippowdon,cdn.bulbagarden.net/upload/5/5f/450Hippowdon.png
451,Skorupi,cdn.bulbagarden.net/upload/4/47/451Skorupi.png
452,Drapion,cdn.bulbagarden.net/upload/1/13/452Drapion.png
453,Croagunk,cdn.bulbagarden.net/upload/f/fa/453Croagunk.png
454,Toxicroak,cdn.bulbagarden.net/upload/8/8b/454Toxicroak.png
455,Carnivine,cdn.bulbagarden.net/upload/d/df/455Carnivine.png
456,Finneon,cdn.bulbagarden.net/upload/4/45/456Finneon.png
457,Lumineon,cdn.bulbagarden.net/upload/f/f0/457Lumineon.png
458,Mantyke,cdn.bulbagarden.net/upload/b/bc/458Mantyke.png
459,Snover,cdn.bulbagarden.net/upload/d/d2/459Snover.png
460,Abomasnow,cdn.bulbagarden.net/upload/3/3b/460Abomasnow.png
461,Weavile,cdn.bulbagarden.net/upload/d/d2/461Weavile.png
462,Magnezone,cdn.bulbagarden.net/upload/5/53/462Magnezone.png
463,Lickilicky,cdn.bulbagarden.net/upload/8/8e/463Lickilicky.png
464,Rhyperior,cdn.bulbagarden.net/upload/d/d9/464Rhyperior.png
465,Tangrowth,cdn.bulbagarden.net/upload/3/32/465Tangrowth.png
466,Electivire,cdn.bulbagarden.net/upload/2/23/466Electivire.png
467,Magmortar,cdn.bulbagarden.net/upload/6/60/467Magmortar.png
468,Togekiss,cdn.bulbagarden.net/upload/8/87/468Togekiss.png
469,Yanmega,cdn.bulbagarden.net/upload/e/e6/469Yanmega.png
470,Leafeon,cdn.bulbagarden.net/upload/f/f5/470Leafeon.png
471,Glaceon,cdn.bulbagarden.net/upload/2/23/471Glaceon.png
472,Gliscor,cdn.bulbagarden.net/upload/a/ac/472Gliscor.png
473,Mamoswine,cdn.bulbagarden.net/upload/d/d0/473Mamoswine.png
474,Porygon-Z,cdn.bulbagarden.net/upload/2/24/474Porygon-Z.png
475,Gallade,cdn.bulbagarden.net/upload/5/58/475Gallade.png
476,Probopass,cdn.bulbagarden.net/upload/a/a6/476Probopass.png
477,Dusknoir,cdn.bulbagarden.net/upload/4/4f/477Dusknoir.png
478,Froslass,cdn.bulbagarden.net/upload/a/a2/478Froslass.png
479,Rotom,cdn.bulbagarden.net/upload/c/c5/479Rotom.png
480,Uxie,cdn.bulbagarden.net/upload/e/ef/480Uxie.png
481,Mesprit,cdn.bulbagarden.net/upload/4/40/481Mesprit.png
482,Azelf,cdn.bulbagarden.net/upload/d/d0/482Azelf.png
483,Dialga,cdn.bulbagarden.net/upload/8/8a/483Dialga.png
484,Palkia,cdn.bulbagarden.net/upload/6/66/484Palkia.png
485,Heatran,cdn.bulbagarden.net/upload/b/b7/485Heatran.png
486,Regigigas,cdn.bulbagarden.net/upload/a/a1/486Regigigas.png
487,Giratina,cdn.bulbagarden.net/upload/c/c5/487Giratina-Altered.png
488,Cresselia,cdn.bulbagarden.net/upload/4/4a/488Cresselia.png
489,Phione,cdn.bulbagarden.net/upload/7/72/489Phione.png
490,Manaphy,cdn.bulbagarden.net/upload/2/2e/490Manaphy.png
491,Darkrai,cdn.bulbagarden.net/upload/6/6d/491Darkrai.png
492,Shaymin,cdn.bulbagarden.net/upload/0/05/492Shaymin-Land.png
493,Arceus,cdn.bulbagarden.net/upload/f/fc/493Arceus.png
494,Victini,cdn.bulbagarden.net/upload/6/60/494Victini.png
495,Snivy,cdn.bulbagarden.net/upload/7/75/495Snivy.png
496,Servine,cdn.bulbagarden.net/upload/7/73/496Servine.png
497,Serperior,cdn.bulbagarden.net/upload/b/b7/497Serperior.png
498,Tepig,cdn.bulbagarden.net/upload/5/5b/498Tepig.png
499,Pignite,cdn.bulbagarden.net/upload/e/e8/499Pignite.png
500,Emboar,cdn.bulbagarden.net/upload/1/18/500Emboar.png
501,Oshawott,cdn.bulbagarden.net/upload/3/3b/501Oshawott.png
502,Dewott,cdn.bulbagarden.net/upload/e/e4/502Dewott.png
503,Samurott,cdn.bulbagarden.net/upload/b/b5/503Samurott.png
504,Patrat,cdn.bulbagarden.net/upload/c/cb/504Patrat.png
505,Watchog,cdn.bulbagarden.net/upload/3/3e/505Watchog.png
506,Lillipup,cdn.bulbagarden.net/upload/7/7e/506Lillipup.png
507,Herdier,cdn.bulbagarden.net/upload/9/96/507Herdier.png
508,Stoutland,cdn.bulbagarden.net/upload/3/3e/508Stoutland.png
509,Purrloin,cdn.bulbagarden.net/upload/4/46/509Purrloin.png
510,Liepard,cdn.bulbagarden.net/upload/0/09/510Liepard.png
511,Pansage,cdn.bulbagarden.net/upload/6/6b/511Pansage.png
512,Simisage,cdn.bulbagarden.net/upload/2/24/512Simisage.png
513,Pansear,cdn.bulbagarden.net/upload/e/e1/513Pansear.png
514,Simisear,cdn.bulbagarden.net/upload/7/7c/514Simisear.png
515,Panpour,cdn.bulbagarden.net/upload/2/2f/515Panpour.png
516,Simipour,cdn.bulbagarden.net/upload/8/83/516Simipour.png
517,Munna,cdn.bulbagarden.net/upload/6/61/517Munna.png
518,Musharna,cdn.bulbagarden.net/upload/2/2d/518Musharna.png
519,Pidove,cdn.bulbagarden.net/upload/c/c3/519Pidove.png
520,Tranquill,cdn.bulbagarden.net/upload/a/a3/520Tranquill.png
521,Unfezant,cdn.bulbagarden.net/upload/d/d0/521Unfezant.png
522,Blitzle,cdn.bulbagarden.net/upload/a/af/522Blitzle.png
523,Zebstrika,cdn.bulbagarden.net/upload/a/a1/523Zebstrika.png
524,Roggenrola,cdn.bulbagarden.net/upload/6/69/524Roggenrola.png
525,Boldore,cdn.bulbagarden.net/upload/c/ce/525Boldore.png
526,Gigalith,cdn.bulbagarden.net/upload/5/59/526Gigalith.png
527,Woobat,cdn.bulbagarden.net/upload/3/36/527Woobat.png
528,Swoobat,cdn.bulbagarden.net/upload/9/9d/528Swoobat.png
529,Drilbur,cdn.bulbagarden.net/upload/c/cf/529Drilbur.png
530,Excadrill,cdn.bulbagarden.net/upload/6/63/530Excadrill.png
531,Audino,cdn.bulbagarden.net/upload/f/f5/531Audino.png
532,Timburr,cdn.bulbagarden.net/upload/6/69/532Timburr.png
533,Gurdurr,cdn.bulbagarden.net/upload/a/ad/533Gurdurr.png
534,Conkeldurr,cdn.bulbagarden.net/upload/1/11/534Conkeldurr.png
535,Tympole,cdn.bulbagarden.net/upload/c/c9/535Tympole.png
536,Palpitoad,cdn.bulbagarden.net/upload/c/c9/536Palpitoad.png
537,Seismitoad,cdn.bulbagarden.net/upload/3/35/537Seismitoad.png
538,Throh,cdn.bulbagarden.net/upload/7/74/538Throh.png
539,Sawk,cdn.bulbagarden.net/upload/a/a8/539Sawk.png
540,Sewaddle,cdn.bulbagarden.net/upload/4/4a/540Sewaddle.png
541,Swadloon,cdn.bulbagarden.net/upload/2/2b/541Swadloon.png
542,Leavanny,cdn.bulbagarden.net/upload/8/8e/542Leavanny.png
543,Venipede,cdn.bulbagarden.net/upload/0/0e/543Venipede.png
544,Whirlipede,cdn.bulbagarden.net/upload/b/bc/544Whirlipede.png
545,Scolipede,cdn.bulbagarden.net/upload/c/cb/545Scolipede.png
546,Cottonee,cdn.bulbagarden.net/upload/4/44/546Cottonee.png
547,Whimsicott,cdn.bulbagarden.net/upload/a/a2/547Whimsicott.png
548,Petilil,cdn.bulbagarden.net/upload/0/0b/548Petilil.png
549,Lilligant,cdn.bulbagarden.net/upload/2/21/549Lilligant.png
550,Basculin,cdn.bulbagarden.net/upload/2/2f/550Basculin.png
551,Sandile,cdn.bulbagarden.net/upload/2/26/551Sandile.png
552,Krokorok,cdn.bulbagarden.net/upload/d/d4/552Krokorok.png
553,Krookodile,cdn.bulbagarden.net/upload/e/e5/553Krookodile.png
554,Darumaka,cdn.bulbagarden.net/upload/4/4c/554Darumaka.png
555,Darmanitan,cdn.bulbagarden.net/upload/4/40/555Darmanitan.png
556,Maractus,cdn.bulbagarden.net/upload/3/35/556Maractus.png
557,Dwebble,cdn.bulbagarden.net/upload/6/6b/557Dwebble.png
558,Crustle,cdn.bulbagarden.net/upload/1/19/558Crustle.png
559,Scraggy,cdn.bulbagarden.net/upload/d/dc/559Scraggy.png
560,Scrafty,cdn.bulbagarden.net/upload/e/e8/560Scrafty.png
561,Sigilyph,cdn.bulbagarden.net/upload/6/67/561Sigilyph.png
562,Yamask,cdn.bulbagarden.net/upload/a/a4/562Yamask.png
563,Cofagrigus,cdn.bulbagarden.net/upload/f/f8/563Cofagrigus.png
564,Tirtouga,cdn.bulbagarden.net/upload/1/1a/564Tirtouga.png
565,Carracosta,cdn.bulbagarden.net/upload/d/d0/565Carracosta.png
566,Archen,cdn.bulbagarden.net/upload/a/a3/566Archen.png
567,Archeops,cdn.bulbagarden.net/upload/1/14/567Archeops.png
568,Trubbish,cdn.bulbagarden.net/upload/e/e2/568Trubbish.png
569,Garbodor,cdn.bulbagarden.net/upload/c/c4/569Garbodor.png
570,Zorua,cdn.bulbagarden.net/upload/2/2b/570Zorua.png
571,Zoroark,cdn.bulbagarden.net/upload/a/a6/571Zoroark.png
572,Minccino,cdn.bulbagarden.net/upload/e/ec/572Minccino.png
573,Cinccino,cdn.bulbagarden.net/upload/9/94/573Cinccino.png
574,Gothita,cdn.bulbagarden.net/upload/7/71/574Gothita.png
575,Gothorita,cdn.bulbagarden.net/upload/6/67/575Gothorita.png
576,Gothitelle,cdn.bulbagarden.net/upload/3/38/576Gothitelle.png
577,Solosis,cdn.bulbagarden.net/upload/1/1e/577Solosis.png
578,Duosion,cdn.bulbagarden.net/upload/8/83/578Duosion.png
579,Reuniclus,cdn.bulbagarden.net/upload/1/19/579Reuniclus.png
580,Ducklett,cdn.bulbagarden.net/upload/4/4b/580Ducklett.png
581,Swanna,cdn.bulbagarden.net/upload/7/76/581Swanna.png
582,Vanillite,cdn.bulbagarden.net/upload/3/3f/582Vanillite.png
583,Vanillish,cdn.bulbagarden.net/upload/2/2f/583Vanillish.png
584,Vanilluxe,cdn.bulbagarden.net/upload/3/39/584Vanilluxe.png
585,Deerling,cdn.bulbagarden.net/upload/6/68/585Deerling-Spring.png
586,Sawsbuck,cdn.bulbagarden.net/upload/8/8d/586Sawsbuck-Spring.png
587,Emolga,cdn.bulbagarden.net/upload/b/b4/587Emolga.png
588,Karrablast,cdn.bulbagarden.net/upload/6/60/588Karrablast.png
589,Escavalier,cdn.bulbagarden.net/upload/6/63/589Escavalier.png
590,Foongus,cdn.bulbagarden.net/upload/c/cc/590Foongus.png
591,Amoonguss,cdn.bulbagarden.net/upload/1/13/591Amoonguss.png
592,Frillish,cdn.bulbagarden.net/upload/8/88/592Frillish.png
593,Jellicent,cdn.bulbagarden.net/upload/5/5c/593Jellicent.png
594,Alomomola,cdn.bulbagarden.net/upload/1/10/594Alomomola.png
595,Joltik,cdn.bulbagarden.net/upload/f/f8/595Joltik.png
596,Galvantula,cdn.bulbagarden.net/upload/7/7a/596Galvantula.png
597,Ferroseed,cdn.bulbagarden.net/upload/2/28/597Ferroseed.png
598,Ferrothorn,cdn.bulbagarden.net/upload/6/6c/598Ferrothorn.png
599,Klink,cdn.bulbagarden.net/upload/e/ea/599Klink.png
600,Klang,cdn.bulbagarden.net/upload/8/80/600Klang.png
601,Klinklang,cdn.bulbagarden.net/upload/c/cf/601Klinklang.png
602,Tynamo,cdn.bulbagarden.net/upload/5/5e/602Tynamo.png
603,Eelektrik,cdn.bulbagarden.net/upload/c/c7/603Eelektrik.png
604,Eelektross,cdn.bulbagarden.net/upload/6/6c/604Eelektross.png
605,Elgyem,cdn.bulbagarden.net/upload/f/fd/605Elgyem.png
606,Beheeyem,cdn.bulbagarden.net/upload/2/2c/606Beheeyem.png
607,Litwick,cdn.bulbagarden.net/upload/8/8e/607Litwick.png
608,Lampent,cdn.bulbagarden.net/upload/a/a5/608Lampent.png
609,Chandelure,cdn.bulbagarden.net/upload/6/65/609Chandelure.png
610,Axew,cdn.bulbagarden.net/upload/5/5c/610Axew.png
611,Fraxure,cdn.bulbagarden.net/upload/0/05/611Fraxure.png
612,Haxorus,cdn.bulbagarden.net/upload/8/8f/612Haxorus.png
613,Cubchoo,cdn.bulbagarden.net/upload/7/72/613Cubchoo.png
614,Beartic,cdn.bulbagarden.net/upload/4/40/614Beartic.png
615,Cryogonal,cdn.bulbagarden.net/upload/1/11/615Cryogonal.png
616,Shelmet,cdn.bulbagarden.net/upload/f/f6/616Shelmet.png
617,Accelgor,cdn.bulbagarden.net/upload/3/34/617Accelgor.png
618,Stunfisk,cdn.bulbagarden.net/upload/d/d2/618Stunfisk.png
619,Mienfoo,cdn.bulbagarden.net/upload/4/41/619Mienfoo.png
620,Mienshao,cdn.bulbagarden.net/upload/2/20/620Mienshao.png
621,Druddigon,cdn.bulbagarden.net/upload/a/ad/621Druddigon.png
622,Golett,cdn.bulbagarden.net/upload/a/ac/622Golett.png
623,Golurk,cdn.bulbagarden.net/upload/6/68/623Golurk.png
624,Pawniard,cdn.bulbagarden.net/upload/9/9c/624Pawniard.png
625,Bisharp,cdn.bulbagarden.net/upload/7/74/625Bisharp.png
626,Bouffalant,cdn.bulbagarden.net/upload/a/a4/626Bouffalant.png
627,Rufflet,cdn.bulbagarden.net/upload/b/bb/627Rufflet.png
628,Braviary,cdn.bulbagarden.net/upload/c/cf/628Braviary.png
629,Vullaby,cdn.bulbagarden.net/upload/f/f2/629Vullaby.png
630,Mandibuzz,cdn.bulbagarden.net/upload/0/00/630Mandibuzz.png
631,Heatmor,cdn.bulbagarden.net/upload/b/b0/631Heatmor.png
632,Durant,cdn.bulbagarden.net/upload/1/1a/632Durant.png
633,Deino,cdn.bulbagarden.net/upload/f/f7/633Deino.png
634,Zweilous,cdn.bulbagarden.net/upload/a/a6/634Zweilous.png
635,Hydreigon,cdn.bulbagarden.net/upload/3/3e/635Hydreigon.png
636,Larvesta,cdn.bulbagarden.net/upload/f/f4/636Larvesta.png
637,Volcarona,cdn.bulbagarden.net/upload/6/6b/637Volcarona.png
638,Cobalion,cdn.bulbagarden.net/upload/6/65/638Cobalion.png
639,Terrakion,cdn.bulbagarden.net/upload/a/ad/639Terrakion.png
640,Virizion,cdn.bulbagarden.net/upload/7/79/640Virizion.png
641,Tornadus,cdn.bulbagarden.net/upload/0/08/641Tornadus.png
642,Thundurus,cdn.bulbagarden.net/upload/b/b8/642Thundurus.png
643,Reshiram,cdn.bulbagarden.net/upload/8/8d/643Reshiram.png
644,Zekrom,cdn.bulbagarden.net/upload/8/81/644Zekrom.png
645,Landorus,cdn.bulbagarden.net/upload/b/bb/645Landorus.png
646,Kyurem,cdn.bulbagarden.net/upload/c/c3/646Kyurem.png
647,Keldeo,cdn.bulbagarden.net/upload/5/50/647Keldeo.png
648,Meloetta,cdn.bulbagarden.net/upload/a/a3/648Meloetta.png
649,Genesect,cdn.bulbagarden.net/upload/4/46/649Genesect.png
650,Chespin,cdn.bulbagarden.net/upload/c/ca/650Chespin.png
651,Quilladin,cdn.bulbagarden.net/upload/7/71/651Quilladin.png
652,Chesnaught,cdn.bulbagarden.net/upload/1/18/652Chesnaught.png
653,Fennekin,cdn.bulbagarden.net/upload/3/3d/653Fennekin.png
654,Braixen,cdn.bulbagarden.net/upload/0/09/654Braixen.png
655,Delphox,cdn.bulbagarden.net/upload/2/21/655Delphox.png
656,Froakie,cdn.bulbagarden.net/upload/1/18/656Froakie.png
657,Frogadier,cdn.bulbagarden.net/upload/f/fc/657Frogadier.png
658,Greninja,cdn.bulbagarden.net/upload/6/67/658Greninja.png
659,Bunnelby,cdn.bulbagarden.net/upload/7/70/659Bunnelby.png
660,Diggersby,cdn.bulbagarden.net/upload/3/34/660Diggersby.png
661,Fletchling,cdn.bulbagarden.net/upload/7/7e/661Fletchling.png
662,Fletchinder,cdn.bulbagarden.net/upload/c/ce/662Fletchinder.png
663,Talonflame,cdn.bulbagarden.net/upload/a/ae/663Talonflame.png
664,Scatterbug,cdn.bulbagarden.net/upload/d/d3/664Scatterbug.png
665,Spewpa,cdn.bulbagarden.net/upload/b/b7/665Spewpa.png
666,Vivillon,cdn.bulbagarden.net/upload/4/4c/666Vivillon.png
667,Litleo,cdn.bulbagarden.net/upload/1/1f/667Litleo.png
668,Pyroar,cdn.bulbagarden.net/upload/7/70/668Pyroar.png
669,Flabébé,cdn.bulbagarden.net/upload/5/52/669Flab%C3%A9b%C3%A9.png
670,Floette,cdn.bulbagarden.net/upload/1/17/670Floette.png
671,Florges,cdn.bulbagarden.net/upload/3/37/671Florges.png
672,Skiddo,cdn.bulbagarden.net/upload/5/5d/672Skiddo.png
673,Gogoat,cdn.bulbagarden.net/upload/b/bc/673Gogoat.png
674,Pancham,cdn.bulbagarden.net/upload/1/1c/674Pancham.png
675,Pangoro,cdn.bulbagarden.net/upload/0/08/675Pangoro.png
676,Furfrou,cdn.bulbagarden.net/upload/4/49/676Furfrou.png
677,Espurr,cdn.bulbagarden.net/upload/0/09/677Espurr.png
678,Meowstic,cdn.bulbagarden.net/upload/a/a6/678Meowstic.png
679,Honedge,cdn.bulbagarden.net/upload/3/35/679Honedge.png
680,Doublade,cdn.bulbagarden.net/upload/e/ef/680Doublade.png
681,Aegislash,cdn.bulbagarden.net/upload/a/ad/681Aegislash.png
682,Spritzee,cdn.bulbagarden.net/upload/6/66/682Spritzee.png
683,Aromatisse,cdn.bulbagarden.net/upload/d/d9/683Aromatisse.png
684,Swirlix,cdn.bulbagarden.net/upload/b/bf/684Swirlix.png
685,Slurpuff,cdn.bulbagarden.net/upload/8/8d/685Slurpuff.png
686,Inkay,cdn.bulbagarden.net/upload/7/70/686Inkay.png
687,Malamar,cdn.bulbagarden.net/upload/e/e4/687Malamar.png
688,Binacle,cdn.bulbagarden.net/upload/5/5b/688Binacle.png
689,Barbaracle,cdn.bulbagarden.net/upload/4/48/689Barbaracle.png
690,Skrelp,cdn.bulbagarden.net/upload/4/4e/690Skrelp.png
691,Dragalge,cdn.bulbagarden.net/upload/a/a9/691Dragalge.png
692,Clauncher,cdn.bulbagarden.net/upload/f/fb/692Clauncher.png
693,Clawitzer,cdn.bulbagarden.net/upload/d/d3/693Clawitzer.png
694,Helioptile,cdn.bulbagarden.net/upload/5/51/694Helioptile.png
695,Heliolisk,cdn.bulbagarden.net/upload/f/f6/695Heliolisk.png
696,Tyrunt,cdn.bulbagarden.net/upload/c/c3/696Tyrunt.png
697,Tyrantrum,cdn.bulbagarden.net/upload/8/8b/697Tyrantrum.png
698,Amaura,cdn.bulbagarden.net/upload/2/2a/698Amaura.png
699,Aurorus,cdn.bulbagarden.net/upload/9/9e/699Aurorus.png
700,Sylveon,cdn.bulbagarden.net/upload/e/e8/700Sylveon.png
701,Hawlucha,cdn.bulbagarden.net/upload/4/44/701Hawlucha.png
702,Dedenne,cdn.bulbagarden.net/upload/c/c9/702Dedenne.png
703,Carbink,cdn.bulbagarden.net/upload/f/fa/703Carbink.png
704,Goomy,cdn.bulbagarden.net/upload/2/28/704Goomy.png
705,Sliggoo,cdn.bulbagarden.net/upload/9/95/705Sliggoo.png
706,Goodra,cdn.bulbagarden.net/upload/d/df/706Goodra.png
707,Klefki,cdn.bulbagarden.net/upload/0/04/707Klefki.png
708,Phantump,cdn.bulbagarden.net/upload/7/72/708Phantump.png
709,Trevenant,cdn.bulbagarden.net/upload/4/4b/709Trevenant.png
710,Pumpkaboo,cdn.bulbagarden.net/upload/d/df/710Pumpkaboo.png
711,Gourgeist,cdn.bulbagarden.net/upload/8/88/711Gourgeist.png
712,Bergmite,cdn.bulbagarden.net/upload/c/c3/712Bergmite.png
713,Avalugg,cdn.bulbagarden.net/upload/0/04/713Avalugg.png
714,Noibat,cdn.bulbagarden.net/upload/0/07/714Noibat.png
715,Noivern,cdn.bulbagarden.net/upload/1/15/715Noivern.png
716,Xerneas,cdn.bulbagarden.net/upload/1/13/716Xerneas.png
717,Yveltal,cdn.bulbagarden.net/upload/5/54/717Yveltal.png
718,Zygarde,cdn.bulbagarden.net/upload/3/3a/718Zygarde.png
719,Diancie,cdn.bulbagarden.net/upload/b/b3/719Diancie.png
720,Hoopa,cdn.bulbagarden.net/upload/f/fb/720Hoopa.png
721,Volcanion,cdn.bulbagarden.net/upload/4/44/721Volcanion.png
722,Rowlet,cdn.bulbagarden.net/upload/7/74/722Rowlet.png
723,Dartrix,cdn.bulbagarden.net/upload/1/1e/723Dartrix.png
724,Decidueye,cdn.bulbagarden.net/upload/a/a4/724Decidueye.png
725,Litten,cdn.bulbagarden.net/upload/0/0e/725Litten.png
726,Torracat,cdn.bulbagarden.net/upload/d/dc/726Torracat.png
727,Incineroar,cdn.bulbagarden.net/upload/2/27/727Incineroar.png
728,Popplio,cdn.bulbagarden.net/upload/d/d8/728Popplio.png
729,Brionne,cdn.bulbagarden.net/upload/c/cd/729Brionne.png
730,Primarina,cdn.bulbagarden.net/upload/8/89/730Primarina.png
731,Pikipek,cdn.bulbagarden.net/upload/1/15/731Pikipek.png
732,Trumbeak,cdn.bulbagarden.net/upload/5/5c/732Trumbeak.png
733,Toucannon,cdn.bulbagarden.net/upload/7/78/733Toucannon.png
734,Yungoos,cdn.bulbagarden.net/upload/0/08/734Yungoos.png
735,Gumshoos,cdn.bulbagarden.net/upload/b/ba/735Gumshoos.png
736,Grubbin,cdn.bulbagarden.net/upload/1/14/736Grubbin.png
737,Charjabug,cdn.bulbagarden.net/upload/e/ec/737Charjabug.png
738,Vikavolt,cdn.bulbagarden.net/upload/4/4e/738Vikavolt.png
739,Crabrawler,cdn.bulbagarden.net/upload/9/98/739Crabrawler.png
740,Crabominable,cdn.bulbagarden.net/upload/1/17/740Crabominable.png
741,Oricorio,cdn.bulbagarden.net/upload/e/ed/741Oricorio-Baile.png
742,Cutiefly,cdn.bulbagarden.net/upload/f/fa/742Cutiefly.png
743,Ribombee,cdn.bulbagarden.net/upload/e/e4/743Ribombee.png
744,Rockruff,cdn.bulbagarden.net/upload/5/51/744Rockruff.png
745,Lycanroc,cdn.bulbagarden.net/upload/1/14/745Lycanroc.png
746,Wishiwashi,cdn.bulbagarden.net/upload/1/18/746Wishiwashi-Solo.png
747,Mareanie,cdn.bulbagarden.net/upload/d/d3/747Mareanie.png
748,Toxapex,cdn.bulbagarden.net/upload/0/06/748Toxapex.png
749,Mudbray,cdn.bulbagarden.net/upload/1/12/749Mudbray.png
750,Mudsdale,cdn.bulbagarden.net/upload/f/f7/750Mudsdale.png
751,Dewpider,cdn.bulbagarden.net/upload/2/29/751Dewpider.png
752,Araquanid,cdn.bulbagarden.net/upload/8/82/752Araquanid.png
753,Fomantis,cdn.bulbagarden.net/upload/1/10/753Fomantis.png
754,Lurantis,cdn.bulbagarden.net/upload/1/19/754Lurantis.png
755,Morelull,cdn.bulbagarden.net/upload/c/c9/755Morelull.png
756,Shiinotic,cdn.bulbagarden.net/upload/3/36/756Shiinotic.png
757,Salandit,cdn.bulbagarden.net/upload/2/27/757Salandit.png
758,Salazzle,cdn.bulbagarden.net/upload/7/72/758Salazzle.png
759,Stufful,cdn.bulbagarden.net/upload/e/e5/759Stufful.png
760,Bewear,cdn.bulbagarden.net/upload/a/a4/760Bewear.png
761,Bounsweet,cdn.bulbagarden.net/upload/a/a1/761Bounsweet.png
762,Steenee,cdn.bulbagarden.net/upload/7/78/762Steenee.png
763,Tsareena,cdn.bulbagarden.net/upload/2/23/763Tsareena.png
764,Comfey,cdn.bulbagarden.net/upload/c/c9/764Comfey.png
765,Oranguru,cdn.bulbagarden.net/upload/d/d8/765Oranguru.png
766,Passimian,cdn.bulbagarden.net/upload/b/ba/766Passimian.png
767,Wimpod,cdn.bulbagarden.net/upload/e/ef/767Wimpod.png
768,Golisopod,cdn.bulbagarden.net/upload/b/b6/768Golisopod.png
769,Sandygast,cdn.bulbagarden.net/upload/f/f0/769Sandygast.png
770,Palossand,cdn.bulbagarden.net/upload/3/32/770Palossand.png
771,Pyukumuku,cdn.bulbagarden.net/upload/4/4f/771Pyukumuku.png
772,Type: Null,cdn.bulbagarden.net/upload/f/fd/772Type_Null.png
773,Silvally,cdn.bulbagarden.net/upload/b/be/773Silvally.png
774,Minior,cdn.bulbagarden.net/upload/9/90/774Minior.png
775,Komala,cdn.bulbagarden.net/upload/7/7d/775Komala.png
776,Turtonator,cdn.bulbagarden.net/upload/1/15/776Turtonator.png
777,Togedemaru,cdn.bulbagarden.net/upload/5/5a/777Togedemaru.png
778,Mimikyu,cdn.bulbagarden.net/upload/9/9b/778Mimikyu.png
779,Bruxish,cdn.bulbagarden.net/upload/9/92/779Bruxish.png
780,Drampa,cdn.bulbagarden.net/upload/d/dc/780Drampa.png
781,Dhelmise,cdn.bulbagarden.net/upload/2/2f/781Dhelmise.png
782,Jangmo-o,cdn.bulbagarden.net/upload/a/a0/782Jangmo-o.png
783,Hakamo-o,cdn.bulbagarden.net/upload/0/0d/783Hakamo-o.png
784,Kommo-o,cdn.bulbagarden.net/upload/8/84/784Kommo-o.png
785,Tapu Koko,cdn.bulbagarden.net/upload/d/d0/785Tapu_Koko.png
786,Tapu Lele,cdn.bulbagarden.net/upload/4/4d/786Tapu_Lele.png
787,Tapu Bulu,cdn.bulbagarden.net/upload/6/67/787Tapu_Bulu.png
788,Tapu Fini,cdn.bulbagarden.net/upload/6/66/788Tapu_Fini.png
789,Cosmog,cdn.bulbagarden.net/upload/1/17/789Cosmog.png
790,Cosmoem,cdn.bulbagarden.net/upload/1/1b/790Cosmoem.png
791,Solgaleo,cdn.bulbagarden.net/upload/5/57/791Solgaleo.png
792,Lunala,cdn.bulbagarden.net/upload/9/9d/792Lunala.png
793,Nihilego,cdn.bulbagarden.net/upload/2/2c/793Nihilego.png
794,Buzzwole,cdn.bulbagarden.net/upload/f/fa/794Buzzwole.png
795,Pheromosa,cdn.bulbagarden.net/upload/c/c7/795Pheromosa.png
796,Xurkitree,cdn.bulbagarden.net/upload/d/d2/796Xurkitree.png
797,Celesteela,cdn.bulbagarden.net/upload/8/89/797Celesteela.png
798,Kartana,cdn.bulbagarden.net/upload/f/fe/798Kartana.png
799,Guzzlord,cdn.bulbagarden.net/upload/4/47/799Guzzlord.png
800,Necrozma,cdn.bulbagarden.net/upload/4/44/800Necrozma.png
801,Magearna,cdn.bulbagarden.net/upload/0/0a/801Magearna.png
802,Marshadow,cdn.bulbagarden.net/upload/8/89/802Marshadow.png
